"","AA","AS","AE","CA","NH","MR","OT/UNK"
"Emory",0.807332293291732,0.00234009360374415,0.0015600624024961,0.136505460218409,0.00078003120124805,0.0429017160686427,0.00858034321372855
