"","AA","AS","AE","CA","NH","MR","OT/UNK"
"Mt. Sinai",0.465665236051502,0.0622317596566524,0.00214592274678112,0.412017167381974,0.00429184549356223,0.0386266094420601,0.0150214592274678
