"","AA","AS","AE","CA","NH","MR","OT/UNK"
"UPenn",0.53125,0.0395833333333333,0.00208333333333333,0.366666666666667,0,0.0604166666666667,0
