"","AA","AS","AE","CA","NH","MR","OT/UNK"
"UCLA",0.326403326403326,0.0540540540540541,0.00207900207900208,0.53014553014553,0.0124740124740125,0.0727650727650728,0.00207900207900208
