"","AA","AS","AE","CA","NH","MR","OT/UNK"
"University of Washington",0.156118143459916,0.0590717299578059,0.00632911392405063,0.618143459915612,0.0253164556962025,0.135021097046413,0
