"","AA","AS","AE","CA","NH","MR","OT/UNK"
"UCSD",0.178819444444444,0.0572916666666667,0.0104166666666667,0.529513888888889,0.0121527777777778,0.211805555555556,0
