"","AA","AS","AE","CA","NH","MR","OT/UNK"
"Texas Tech",0.0326086956521739,0,0.0434782608695652,0.532608695652174,0,0.260869565217391,0.130434782608696
