"","AA","AS","AE","CA","NH","MR","OT/UNK"
"Wright State",0.666380051590714,0.000429922613929493,0.00386930352536543,0.275150472914875,0,0.0460017196904557,0.00816852966466036
