"","AA","AS","AE","CA","NH","MR","OT/UNK"
"UNC",0.365005192107996,0.0166147455867082,0.0109034267912773,0.524922118380062,0.00155763239875389,0.0576323987538941,0.0233644859813084
