"","AA","AS","AE","CA","NH","MR","OT/UNK"
"GRU",0.528846153846154,0.0108695652173913,0.00418060200668896,0.38628762541806,0.000836120401337793,0.0501672240802676,0.0188127090301003
