"","AA","AS","AE","CA","NH","MR","OT/UNK"
"GRU",0.524861878453039,0,0.00552486187845304,0.370165745856354,0,0.0994475138121547,0
