"","AA","AS","AE","CA","NH","MR","OT/UNK"
"Wright State",0.748466257668712,0,0.00613496932515337,0.177914110429448,0,0.0552147239263804,0.0122699386503067
