"","AA","AS","AE","CA","NH","MR","OT/UNK"
"Emory",0.623145400593472,0.00593471810089021,0.00593471810089021,0.29673590504451,0.0029673590504451,0.056379821958457,0.00890207715133531
