"","AA","AS","AE","CA","NH","MR","OT/UNK"
"UNC",0.333333333333333,0,0,0.523809523809524,0,0.142857142857143,0
