"","AA","AS","AE","CA","NH","MR","OT/UNK"
"SUNY: Stonybrook",0.0533333333333333,0.0133333333333333,0.00533333333333333,0.818666666666667,0.00266666666666667,0.0346666666666667,0.072
