"","AA","AS","AE","CA","NH","MR","OT/UNK"
"SUNY: Upstate",0.233333333333333,0,0,0.733333333333333,0,0.0333333333333333,0
