"","AA","AS","AE","CA","NH","MR","OT/UNK"
"Texas Tech",0,0,0.0833333333333333,0.520833333333333,0,0.270833333333333,0.125
