"","AA","AS","AE","CA","NH","MR","OT/UNK"
"Emory",0.925373134328358,0,0,0.0405117270788913,0,0.0298507462686567,0.00426439232409382
