"","AA","AS","AE","CA","NH","MR","OT/UNK"
"UNC",0.25564681724846,0.0308008213552361,0.0082135523613963,0.648870636550308,0,0.0369609856262834,0.0195071868583162
