"","AA","AS","AE","CA","NH","MR","OT/UNK"
"Wright State",0.523349436392915,0.00161030595813205,0.00161030595813205,0.43317230273752,0,0.0338164251207729,0.00644122383252818
