"","AA","AS","AE","CA","NH","MR","OT/UNK"
"UCLA",0.258064516129032,0.0552995391705069,0,0.612903225806452,0.00921658986175115,0.0599078341013825,0.00460829493087558
