"","AA","AS","AE","CA","NH","MR","OT/UNK"
"Mt. Sinai",0.346938775510204,0.13265306122449,0,0.469387755102041,0.00510204081632653,0.0408163265306122,0.00510204081632653
