"","AA","AS","AE","CA","NH","MR","OT/UNK"
"UPenn",0.347826086956522,0.0579710144927536,0,0.521739130434783,0,0.072463768115942,0
