"","AA","AS","AE","CA","NH","MR","OT/UNK"
"GRU",0.472795497185741,0.0215759849906191,0.000938086303939962,0.437148217636023,0,0.050656660412758,0.0168855534709193
