"","AA","AS","AE","CA","NH","MR","OT/UNK"
"UCSD",0.171945701357466,0.117647058823529,0.00904977375565611,0.502262443438914,0.0135746606334842,0.18552036199095,0
