"","AA","AS","AE","CA","NH","MR","OT/UNK"
"SUNY: Stonybrook",0.0722394220846233,0.259029927760578,0,0.532507739938081,0.00412796697626419,0.04437564499484,0.087719298245614
