"","AA","AS","AE","CA","NH","MR","OT/UNK"
"University of Washington",0.081447963800905,0.0633484162895928,0.00452488687782805,0.714932126696833,0.0316742081447964,0.104072398190045,0
