"","AA","AS","AE","CA","NH","MR","OT/UNK"
"SUNY: Stonybrook",0,0.0666666666666667,0,0.866666666666667,0,0,0.0666666666666667
