"","AA","AS","AE","CA","NH","MR","OT/UNK"
"Wright State",0.71165191740413,0,0.00442477876106195,0.22787610619469,0,0.0479351032448378,0.00811209439528024
