"","AA","AS","AE","CA","NH","MR","OT/UNK"
"SUNY: Upstate",0.367088607594937,0.00421940928270042,0.0105485232067511,0.5042194092827,0,0.0654008438818565,0.0485232067510548
