"","AA","AS","AE","CA","NH","MR","OT/UNK"
"University of Washington",0.221343873517787,0.0553359683794466,0.00790513833992095,0.533596837944664,0.0197628458498024,0.162055335968379,0
