"","AA","AS","AE","CA","NH","MR","OT/UNK"
"UPenn",0.67032967032967,0.0256410256410256,0.00366300366300366,0.249084249084249,0,0.0512820512820513,0
