"","AA","AS","AE","CA","NH","MR","OT/UNK"
"Emory",0.846330275229358,0,0,0.0940366972477064,0,0.0481651376146789,0.0114678899082569
