"","AA","AS","AE","CA","NH","MR","OT/UNK"
"Mt. Sinai",0.551851851851852,0.0111111111111111,0.0037037037037037,0.37037037037037,0.0037037037037037,0.037037037037037,0.0222222222222222
