"","AA","AS","AE","CA","NH","MR","OT/UNK"
"UCLA",0.382575757575758,0.053030303030303,0.00378787878787879,0.462121212121212,0.0151515151515152,0.0833333333333333,0
