"","AA","AS","AE","CA","NH","MR","OT/UNK"
"UCSD",0.183098591549296,0.0197183098591549,0.0112676056338028,0.546478873239437,0.0112676056338028,0.228169014084507,0
