"","AA","AS","AE","CA","NH","MR","OT/UNK"
"UNC",0.483133841131665,0.00217627856365615,0.014145810663765,0.392818280739935,0.00326441784548422,0.0761697497279652,0.0282916213275299
