"","AA","AS","AE","CA","NH","MR","OT/UNK"
"GRU",0.58362676056338,0.00264084507042254,0.00704225352112676,0.338908450704225,0.00176056338028169,0.0422535211267606,0.0237676056338028
