"AA","AS","AE","CA","NH","MR","OT/UNK"
" 4"," 1",0,"22",0," 2"," 2"
"0.12903226","0.03225806",0,"0.70967742",0,"0.06451613","0.06451613"
