"AA","AS","AE","CA","NH","MR","OT/UNK"
" 43"," 11","  1","113",0,"  3","  4"
"0.245714286","0.062857143","0.005714286","0.645714286",0,"0.017142857","0.022857143"
