"AA","AS","AE","CA","NH","MR","OT/UNK"
" 66"," 13","  1","162",0,"  5","  6"
"0.260869565","0.051383399","0.003952569","0.640316206",0,"0.019762846","0.023715415"
