"AA","AS","AE","CA","NH","MR","OT/UNK"
"118","  1","  2"," 39",0," 14","  4"
"0.662921348","0.005617978","0.011235955","0.219101124",0,"0.078651685","0.022471910"
