"AA","AS","AE","CA","NH","MR","OT/UNK"
"104","  1","  2"," 27",0," 13","  4"
"0.688741722","0.006622517","0.013245033","0.178807947",0,"0.086092715","0.026490066"
