"AA","AS","AE","CA","NH","MR","OT/UNK"
"90"," 3",0,"76",0," 5"," 2"
"0.51136364","0.01704545",0,"0.43181818",0,"0.02840909","0.01136364"
