"AA","AS","AE","CA","NH","MR","OT/UNK"
"110","  3",0,"112",0,"  7","  2"
"0.470085470","0.012820513",0,"0.478632479",0,"0.029914530","0.008547009"
