"AA","AS","AE","CA","NH","MR","OT/UNK"
"13","11",0,"44",0," 3",0
"0.18309859","0.15492958",0,"0.61971831",0,"0.04225352",0
