"AA","AS","AE","CA","NH","MR","OT/UNK"
"22"," 3",0,"80",0," 5",0
"0.20000000","0.02727273",0,"0.72727273",0,"0.04545455",0
