"AA","AS","AE","CA","NH","MR","OT/UNK"
"126"," 27","  1","250",0," 23","  9"
"0.288990826","0.061926606","0.002293578","0.573394495",0,"0.052752294","0.020642202"
