"AA","AS","AE","CA","NH","MR","OT/UNK"
" 90"," 12","  1","123",0," 14","  9"
"0.361445783","0.048192771","0.004016064","0.493975904",0,"0.056224900","0.036144578"
