"AA","AS","AE","CA","NH","MR","OT/UNK"
"444","  2"," 13","361","  3"," 70"," 26"
"0.483133841","0.002176279","0.014145811","0.392818281","0.003264418","0.076169750","0.028291621"
