"AA","AS","AE","CA","NH","MR","OT/UNK"
" 703","  32","  21","1011","   3"," 111","  45"
"0.365005192","0.016614746","0.010903427","0.524922118","0.001557632","0.057632399","0.023364486"
