"AA","AS","AE","CA","NH","MR","OT/UNK"
"151","  8","  4","114",0," 17","  8"
"0.50000000","0.02649007","0.01324503","0.37748344",0,"0.05629139","0.02649007"
