"AA","AS","AE","CA","NH","MR","OT/UNK"
"63","10"," 1","38",0," 8","10"
"0.484615385","0.076923077","0.007692308","0.292307692",0,"0.061538462","0.076923077"
