"AA","AS","AE","CA","NH","MR","OT/UNK"
" 28","  7",0,"147",0,"  4","  7"
"0.14507772","0.03626943",0,"0.76165803",0,"0.02072539","0.03626943"
