"AA","AS","AE","CA","NH","MR","OT/UNK"
"249"," 47","  1","277","  3","  9"," 19"
"0.411570248","0.077685950","0.001652893","0.457851240","0.004958678","0.014876033","0.031404959"
