"AA","AS","AE","CA","NH","MR","OT/UNK"
"29","28",0,"51"," 3",0," 5"
"0.25000000","0.24137931",0,"0.43965517","0.02586207",0,"0.04310345"
