"AA","AS","AE","CA","NH","MR","OT/UNK"
"189"," 16",0,"161",0,"  8"," 10"
"0.49218750","0.04166667",0,"0.41927083",0,"0.02083333","0.02604167"
