"AA","AS","AE","CA","NH","MR","OT/UNK"
"31"," 3"," 1","65",0," 1"," 4"
"0.29523810","0.02857143","0.00952381","0.61904762",0,"0.00952381","0.03809524"
