"AA","AS","AE","CA","NH","MR","OT/UNK"
"1550","   1","   9"," 640",0," 107","  19"
"0.6663800516","0.0004299226","0.0038693035","0.2751504729",0,"0.0460017197","0.0081685297"
