"AA","AS","AE","CA","NH","MR","OT/UNK"
"965",0,"  6","309",0," 65"," 11"
"0.711651917",0,"0.004424779","0.227876106",0,"0.047935103","0.008112094"
