"AA","AS","AE","CA","NH","MR","OT/UNK"
"244",0,"  2"," 58",0," 18","  4"
"0.748466258",0,"0.006134969","0.177914110",0,"0.055214724","0.012269939"
