"AA","AS","AE","CA","NH","MR","OT/UNK"
"121"," 11","  2","189",0," 31"," 25"
"0.319261214","0.029023747","0.005277045","0.498680739",0,"0.081794195","0.065963061"
