"AA","AS","AE","CA","NH","MR","OT/UNK"
"198"," 18","  3","329","  1"," 47"," 36"
"0.313291139","0.028481013","0.004746835","0.520569620","0.001582278","0.074367089","0.056962025"
