"AA","AS","AE","CA","NH","MR","OT/UNK"
"56"," 4",0,"54",0,"11"," 6"
"0.42748092","0.03053435",0,"0.41221374",0,"0.08396947","0.04580153"
