"AA","AS","AE","CA","NH","MR","OT/UNK"
"20"," 3"," 1","78"," 1"," 5"," 5"
"0.176991150","0.026548673","0.008849558","0.690265487","0.008849558","0.044247788","0.044247788"
