"AA","AS","AE","CA","NH","MR","OT/UNK"
" 3",0," 4","49",0,"24","12"
"0.03260870",0,"0.04347826","0.53260870",0,"0.26086957","0.13043478"
