"AA","AS","AE","CA","NH","MR","OT/UNK"
"1219","  23","  17"," 272","   2"," 203"," 155"
"0.644632470","0.012162877","0.008989952","0.143839238","0.001057641","0.107350608","0.081967213"
