"AA","AS","AE","CA","NH","MR","OT/UNK"
" 206"," 270","   6","1302","   8","  92"," 145"
"0.101527846","0.133070478","0.002957122","0.641695416","0.003942829","0.045342533","0.071463775"
