"City","City_code","DI","Diagnosis","Percent_Max_DI"
"Aggregate","-1",2.38647230986001,"Census ACS",0.750922557406376
"Los Angeles","3730",2.35396254163105,"Census ACS",0.740693099390745
"New York","4610",2.3925020137112,"Census ACS",0.752819851842869
"Philadelphia","5330",2.08357223081517,"Census ACS",0.655612630257761
"Seattle","6430",1.8277716681545,"Census ACS",0.575122941814484
