"AA","AS","AE","CA","NH","MR","OT/UNK"
" 74"," 28","  3","293"," 12"," 64",0
"0.156118143","0.059071730","0.006329114","0.618143460","0.025316456","0.135021097",0
