"AA","AS","AE","CA","NH","MR","OT/UNK"
" 65","  7","  4","194","  4"," 81",0
"0.18309859","0.01971831","0.01126761","0.54647887","0.01126761","0.22816901",0
