"AA","AS","AE","CA","NH","MR","OT/UNK"
"103"," 33","  6","305","  7","122",0
"0.17881944","0.05729167","0.01041667","0.52951389","0.01215278","0.21180556",0
