"AA","AS","AE","CA","NH","MR","OT/UNK"
" 375","  46","  30","1104","   8"," 242"," 226"
"0.184638109","0.022648941","0.014771049","0.543574594","0.003938946","0.119153127","0.111275234"
