"AA","AS","AE","CA","NH","MR","OT/UNK"
" 38"," 26","  2","111","  3"," 41",0
"0.171945701","0.117647059","0.009049774","0.502262443","0.013574661","0.185520362",0
