"AA","AS","AE","CA","NH","MR","OT/UNK"
" 70","251",0,"516","  4"," 43"," 85"
"0.072239422","0.259029928",0,"0.532507740","0.004127967","0.044375645","0.087719298"
