"AA","AS","AE","CA","NH","MR","OT/UNK"
"217"," 29","  1","192","  2"," 18","  7"
"0.465665236","0.062231760","0.002145923","0.412017167","0.004291845","0.038626609","0.015021459"
