"AA","AS","AE","CA","NH","MR","OT/UNK"
"542","  7","  8","123","  1"," 90"," 98"
"0.623705409","0.008055236","0.009205984","0.141542002","0.001150748","0.103567319","0.112773303"
