"AA","AS","AE","CA","NH","MR","OT/UNK"
"249"," 30","  8","632",0," 36"," 19"
"0.255646817","0.030800821","0.008213552","0.648870637",0,"0.036960986","0.019507187"
