"AA","AS","AE","CA","NH","MR","OT/UNK"
" 56"," 14","  2","135","  5"," 41",0
"0.221343874","0.055335968","0.007905138","0.533596838","0.019762846","0.162055336",0
