"AA","AS","AE","CA","NH","MR","OT/UNK"
" 18"," 14","  1","158","  7"," 23",0
"0.081447964","0.063348416","0.004524887","0.714932127","0.031674208","0.104072398",0
