"AA","AS","AE","CA","NH","MR","OT/UNK"
"255"," 19","  1","176",0," 29",0
"0.531250000","0.039583333","0.002083333","0.366666667",0,"0.060416667",0
