"AA","AS","AE","CA","NH","MR","OT/UNK"
"149","  3","  1","100","  1"," 10","  6"
"0.551851852","0.011111111","0.003703704","0.370370370","0.003703704","0.037037037","0.022222222"
