"AA","AS","AE","CA","NH","MR","OT/UNK"
"174","  2","  5","239",0," 31"," 23"
"0.367088608","0.004219409","0.010548523","0.504219409",0,"0.065400844","0.048523207"
