"AA","AS","AE","CA","NH","MR","OT/UNK"
"110"," 12","  4","419","  3"," 35"," 31"
"0.179153094","0.019543974","0.006514658","0.682410423","0.004885993","0.057003257","0.050488599"
