"AA","AS","AE","CA","NH","MR","OT/UNK"
" 48"," 27","  3","276","  1"," 10","  8"
"0.128686327","0.072386059","0.008042895","0.739946381","0.002680965","0.026809651","0.021447721"
