"AA","AS","AE","CA","NH","MR","OT/UNK"
"325","  1","  1","269",0," 21","  4"
"0.523349436","0.001610306","0.001610306","0.433172303",0,"0.033816425","0.006441224"
