"AA","AS","AE","CA","NH","MR","OT/UNK"
"2535"," 675"," 265","7288"," 110","1296","1792"
"0.181577251","0.048348972","0.018981448","0.522025643","0.007879092","0.092830027","0.128357568"
