"AA","AS","AE","CA","NH","MR","OT/UNK"
"369",0,0," 41",0," 21","  5"
"0.84633028",0,0,"0.09403670",0,"0.04816514","0.01146789"
