"AA","AS","AE","CA","NH","MR","OT/UNK"
"230"," 29","  8","541","  1"," 42"," 31"
"0.260770975","0.032879819","0.009070295","0.613378685","0.001133787","0.047619048","0.035147392"
