"AA","AS","AE","CA","NH","MR","OT/UNK"
" 5"," 1"," 1","35",0," 4"," 6"
"0.09615385","0.01923077","0.01923077","0.67307692",0,"0.07692308","0.11538462"
