"AA","AS","AE","CA","NH","MR","OT/UNK"
"183","  7","  1"," 68",0," 14",0
"0.670329670","0.025641026","0.003663004","0.249084249",0,"0.051282051",0
