"AA","AS","AE","CA","NH","MR","OT/UNK"
" 72"," 12",0,"108",0," 15",0
"0.34782609","0.05797101",0,"0.52173913",0,"0.07246377",0
