"AA","AS","AE","CA","NH","MR","OT/UNK"
"101"," 14","  1","122","  4"," 22",0
"0.382575758","0.053030303","0.003787879","0.462121212","0.015151515","0.083333333",0
