"AA","AS","AE","CA","NH","MR","OT/UNK"
0,0," 4","25",0,"13"," 6"
0,0,"0.08333333","0.52083333",0,"0.27083333","0.12500000"
