"AA","AS","AE","CA","NH","MR","OT/UNK"
"434",0,0," 19",0," 14","  2"
"0.925373134",0,0,"0.040511727",0,"0.029850746","0.004264392"
