"AA","AS","AE","CA","NH","MR","OT/UNK"
" 20","  5","  2","307","  1"," 13"," 27"
"0.053333333","0.013333333","0.005333333","0.818666667","0.002666667","0.034666667","0.072000000"
