"AA","AS","AE","CA","NH","MR","OT/UNK"
" 858"," 445"," 106","4063","  69"," 570","1096"
"0.119050923","0.061745525","0.014707923","0.563757458","0.009574025","0.079089774","0.152074372"
