"AA","AS","AE","CA","NH","MR","OT/UNK"
"1391"," 195"," 129","2193","  37"," 498"," 459"
"0.28376173","0.03977968","0.02631579","0.44736842","0.00754794","0.10159119","0.09363525"
