"AA","AS","AE","CA","NH","MR","OT/UNK"
"3910"," 122","  38"," 581","   3"," 553"," 473"
"0.688380282","0.021478873","0.006690141","0.102288732","0.000528169","0.097359155","0.083274648"
