"AA","AS","AE","CA","NH","MR","OT/UNK"
"210","  2","  2","100","  1"," 19","  3"
"0.623145401","0.005934718","0.005934718","0.296735905","0.002967359","0.056379822","0.008902077"
