"AA","AS","AE","CA","NH","MR","OT/UNK"
" 914"," 457"," 106","4196","  71"," 583","1097"
"0.123114224","0.061557112","0.014278017","0.565193966","0.009563578","0.078529095","0.147764009"
