"AA","AS","AE","CA","NH","MR","OT/UNK"
"68","26",0,"92"," 1"," 8"," 1"
"0.346938776","0.132653061",0,"0.469387755","0.005102041","0.040816327","0.005102041"
