"AA","AS","AE","CA","NH","MR","OT/UNK"
"1290"," 181"," 128","2071","  33"," 476"," 459"
"0.278137128","0.039025442","0.027598103","0.446528676","0.007115136","0.102630444","0.098965071"
