"AA","AS","AE","CA","NH","MR","OT/UNK"
" 56"," 12",0,"133","  2"," 13","  1"
"0.258064516","0.055299539",0,"0.612903226","0.009216590","0.059907834","0.004608295"
